-- DDL FOREIGN KEY
ALTER TABLE MENU ADD FOREIGN KEY (RESTAURANT_ID) REFERENCES RESTAURANT(ID);
ALTER TABLE STOCK_SUMMARY ADD FOREIGN KEY (MENU_ID) REFERENCES MENU(ID);

-- food
INSERT INTO PRODUCT (ID, CREATED_DATE, IS_ACTIVE, LAST_UPDATED, DESCRIPTION, NAME)
VALUES (1, '2022-01-01 15:15:24', 1, '2022-01-01 15:15:24', 'Hamburger','Hamburger');
INSERT INTO PRODUCT (ID, CREATED_DATE, IS_ACTIVE, LAST_UPDATED, DESCRIPTION, NAME)
VALUES (2, '2022-01-01 15:15:24', 1, '2022-01-01 15:15:24', 'Pizza','Pizza');
INSERT INTO PRODUCT (ID, CREATED_DATE, IS_ACTIVE, LAST_UPDATED, DESCRIPTION, NAME)
VALUES (3, '2022-01-01 15:15:24', 1, '2022-01-01 15:15:24', 'Coke','Coke');

-- CATEGORY
INSERT INTO CATEGORY (ID, CREATED_DATE, IS_ACTIVE, LAST_UPDATED, NAME) VALUES (1, '2022-01-01 15:15:24', 1, '2022-01-01 15:15:24', 'Food');
INSERT INTO CATEGORY (ID, CREATED_DATE, IS_ACTIVE, LAST_UPDATED, NAME) VALUES (2, '2022-01-01 15:15:24', 1, '2022-01-01 15:15:24', 'Beverage');

-- PRODUCT_CATEGORY
INSERT INTO PRODUCT_CATEGORY (PRODUCT_ID, CATEGORY_ID) VALUES (1,1);
INSERT INTO PRODUCT_CATEGORY (PRODUCT_ID, CATEGORY_ID) VALUES (2,1);
INSERT INTO PRODUCT_CATEGORY (PRODUCT_ID, CATEGORY_ID) VALUES (3,2);

-- VARIANT
INSERT INTO VARIANT (ID, CREATED_DATE, IS_ACTIVE, LAST_UPDATED, NAME) VALUES (1, '2022-01-01 15:15:24', 1, '2022-01-01 15:15:24', 'Size');

-- VARIANT_OPTION
INSERT INTO VARIANT_OPTION (ID, CREATED_DATE, IS_ACTIVE, LAST_UPDATED, NAME, VARIANT_ID) VALUES (1,'2022-01-01 15:15:24', 1, '2022-01-01 15:15:24', 'Small', 1);
INSERT INTO VARIANT_OPTION (ID, CREATED_DATE, IS_ACTIVE, LAST_UPDATED, NAME, VARIANT_ID) VALUES (2,'2022-01-01 15:15:24', 1, '2022-01-01 15:15:24', 'Medium', 1);
INSERT INTO VARIANT_OPTION (ID, CREATED_DATE, IS_ACTIVE, LAST_UPDATED, NAME, VARIANT_ID) VALUES (3,'2022-01-01 15:15:24', 1, '2022-01-01 15:15:24', 'Large', 1);

-- PRODUCT_VARIANT_OPTION
INSERT INTO PRODUCT_VARIANT_OPTION (ID, IS_ACTIVE, PRODUCT_ID, VARIANT_OPTION_ID) VALUES (1,1, 1,1);
INSERT INTO PRODUCT_VARIANT_OPTION (ID, IS_ACTIVE, PRODUCT_ID, VARIANT_OPTION_ID) VALUES (2,1, 1,2);
INSERT INTO PRODUCT_VARIANT_OPTION (ID, IS_ACTIVE, PRODUCT_ID, VARIANT_OPTION_ID) VALUES (3,1, 1,3);
INSERT INTO PRODUCT_VARIANT_OPTION (ID, IS_ACTIVE, PRODUCT_ID, VARIANT_OPTION_ID) VALUES (4,1, 2,1);
INSERT INTO PRODUCT_VARIANT_OPTION (ID, IS_ACTIVE, PRODUCT_ID, VARIANT_OPTION_ID) VALUES (5,1, 2,2);
INSERT INTO PRODUCT_VARIANT_OPTION (ID, IS_ACTIVE, PRODUCT_ID, VARIANT_OPTION_ID) VALUES (6,1, 2,3);
INSERT INTO PRODUCT_VARIANT_OPTION (ID, IS_ACTIVE, PRODUCT_ID, VARIANT_OPTION_ID) VALUES (7,1, 3,1);
INSERT INTO PRODUCT_VARIANT_OPTION (ID, IS_ACTIVE, PRODUCT_ID, VARIANT_OPTION_ID) VALUES (8,1, 3,3);

-- RESTAURANT
INSERT INTO RESTAURANT (ID,IS_ACTIVE, NAME, ADDRESS) VALUES (1,1,'Burger King','Amsterdam');
INSERT INTO RESTAURANT (ID,IS_ACTIVE, NAME, ADDRESS) VALUES (2,1,'Pizza Hut','Amsterdam');

-- MENU
INSERT INTO MENU (ID,IS_ACTIVE, RESTAURANT_ID, PRODUCT_VARIANT_OPTION_ID) VALUES (1,1,1,1);
INSERT INTO MENU (ID,IS_ACTIVE, RESTAURANT_ID, PRODUCT_VARIANT_OPTION_ID) VALUES (2,1,1,2);
INSERT INTO MENU (ID,IS_ACTIVE, RESTAURANT_ID, PRODUCT_VARIANT_OPTION_ID) VALUES (3,1,1,7);
--
INSERT INTO MENU (ID,IS_ACTIVE, RESTAURANT_ID, PRODUCT_VARIANT_OPTION_ID) VALUES (4,1,2,5);
INSERT INTO MENU (ID,IS_ACTIVE, RESTAURANT_ID, PRODUCT_VARIANT_OPTION_ID) VALUES (5,1,2,6);
INSERT INTO MENU (ID,IS_ACTIVE, RESTAURANT_ID, PRODUCT_VARIANT_OPTION_ID) VALUES (6,1,2,8);

-- STOCK_SUMMARY
INSERT INTO STOCK_SUMMARY (ID,IS_ACTIVE, MENU_ID, TOTAL_QUANTITY) VALUES (1,1,1,5);
INSERT INTO STOCK_SUMMARY (ID,IS_ACTIVE, MENU_ID, TOTAL_QUANTITY) VALUES (2,1,2,1);
INSERT INTO STOCK_SUMMARY (ID,IS_ACTIVE, MENU_ID, TOTAL_QUANTITY) VALUES (3,1,3,2);
INSERT INTO STOCK_SUMMARY (ID,IS_ACTIVE, MENU_ID, TOTAL_QUANTITY) VALUES (4,1,4,3);
INSERT INTO STOCK_SUMMARY (ID,IS_ACTIVE, MENU_ID, TOTAL_QUANTITY) VALUES (5,1,5,0);
INSERT INTO STOCK_SUMMARY (ID,IS_ACTIVE, MENU_ID, TOTAL_QUANTITY) VALUES (6,1,6,2);





